dominio,imagen,filtro,ruido_rel,epi,ssim,fom
tiroides,tiroides_703.png,media k=3,0.17043362287537786,0.46182969212532043,0.8947477513713639,0.3831183845449817
tiroides,tiroides_703.png,media k=5,0.11929957756228472,0.010751965455710888,0.780547243857278,0.009469260518880302
tiroides,tiroides_703.png,mediana k=3,0.49339649260987756,0.6882827877998352,0.9118767436406783,0.3486864743756479
tiroides,tiroides_703.png,mediana k=5,0.33189678797118255,0.5752519369125366,0.8234415159862681,0.3843276667770644
tiroides,tiroides_703.png,gauss s=0.5,0.49699056264806135,0.9669017791748047,0.9839970100822969,0.486360719917307
tiroides,tiroides_703.png,gauss s=0.6,0.3089154454677772,0.9084892272949219,0.962940290678542,0.6278428729424345
tiroides,tiroides_703.png,gauss s=0.8,0.17346335997336676,0.7712699770927429,0.9241272261161106,0.6374828954196541
tiroides,tiroides_703.png,gauss s=1.0,0.13226908531374273,0.6469783186912537,0.8890322403494663,0.5614030882601384
tiroides,tiroides_703.png,gauss s=1.2,0.12002021854706599,0.5551759600639343,0.857625615654674,0.48854362000498375
tiroides,tiroides_703.png,gauss s=1.6,0.11325228321393702,0.3901124596595764,0.7959868132731769,0.3459313328929245
tiroides,tiroides_703.png,gauss s=2.0,0.11020529133180546,0.3010028600692749,0.746091361117212,0.2678307521836338
tiroides,tiroides_705.png,media k=3,0.5705043870745753,0.4158259928226471,0.9728113805847163,0.17859543965768607
tiroides,tiroides_705.png,media k=5,0.5044958659285723,0.17438501119613647,0.91080410900993,0.08640849396777782
tiroides,tiroides_705.png,mediana k=3,1.3935185653709532,0.9534540772438049,0.9851687742132005,-0.3752018806240681
tiroides,tiroides_705.png,mediana k=5,1.1984253084108367,0.9273975491523743,0.9453525249179308,-0.18401914471001396
tiroides,tiroides_705.png,gauss s=0.5,0.76913968809772,0.978929877281189,0.9953815625377616,0.22599605679959592
tiroides,tiroides_705.png,gauss s=0.6,0.6549416574742191,0.9316571354866028,0.9900552233007469,0.3214760669733241
tiroides,tiroides_705.png,gauss s=0.8,0.5710483438413976,0.7925530076026917,0.9791787934396339,0.339966925204656
tiroides,tiroides_705.png,gauss s=1.0,0.545649357878012,0.6602508425712585,0.9656143424817957,0.2999853942838349
tiroides,tiroides_705.png,gauss s=1.2,0.5259581229190492,0.5786310434341431,0.9492570053027216,0.27429534596683036
tiroides,tiroides_705.png,gauss s=1.6,0.5002681833362007,0.46632683277130127,0.9079324099168657,0.23303835529987812
tiroides,tiroides_705.png,gauss s=2.0,0.47630119518686814,0.40927770733833313,0.8636643843294491,0.21433824616974384
tiroides,tiroides_706.png,media k=3,0.6097444655517398,0.23908093571662903,0.9800263356503011,0.0933026583444832
tiroides,tiroides_706.png,media k=5,0.5814814124066491,0.110234834253788,0.9436051178949407,0.04613532713548249
tiroides,tiroides_706.png,mediana k=3,1.315167145799308,0.9613128304481506,0.9908940353155843,-0.3029742209925977
tiroides,tiroides_706.png,mediana k=5,1.298584449459277,0.941586434841156,0.9681720637613535,-0.28114306726537003
tiroides,tiroides_706.png,gauss s=0.5,0.7906461230220793,0.982928991317749,0.9965881526635463,0.20577999512636774
tiroides,tiroides_706.png,gauss s=0.6,0.6933027114733397,0.9409130215644836,0.9925217908454657,0.2885754724532542
tiroides,tiroides_706.png,gauss s=0.8,0.6195784520862919,0.7917453050613403,0.9851864993417501,0.3011969745048461
tiroides,tiroides_706.png,gauss s=1.0,0.5968198736581845,0.6323778033256531,0.9769669863900048,0.25496216264059657
tiroides,tiroides_706.png,gauss s=1.2,0.5855444927277523,0.5313096046447754,0.9670038636319854,0.22020419171166775
tiroides,tiroides_706.png,gauss s=1.6,0.5782762415041657,0.39996227622032166,0.9393764164507723,0.1686735943841831
tiroides,tiroides_706.png,gauss s=2.0,0.5709014176819929,0.3400813639163971,0.9047623065755078,0.14592843112930026
tiroides,tiroides_707.png,media k=3,0.5025920369924723,0.4557821452617645,0.9750394844619856,0.22670966844985538
tiroides,tiroides_707.png,media k=5,0.4518375911711059,0.19025473296642303,0.9253994829589738,0.10429049271397246
tiroides,tiroides_707.png,mediana k=3,1.2813029230980295,0.9032394886016846,0.9854810331815144,-0.2540839084012232
tiroides,tiroides_707.png,mediana k=5,1.141305936833014,0.8445573449134827,0.9512030007793045,-0.11934096683220266
tiroides,tiroides_707.png,gauss s=0.5,0.7379894789162248,0.9764559268951416,0.9963620921185857,0.25584172622113677
tiroides,tiroides_707.png,gauss s=0.6,0.6136279296765181,0.9290322065353394,0.9914797891263107,0.35895209703625164
tiroides,tiroides_707.png,gauss s=0.8,0.5135269470639698,0.7936555743217468,0.9816286005927297,0.38609205021999854
tiroides,tiroides_707.png,gauss s=1.0,0.480904390382137,0.6647931933403015,0.9702020308868313,0.34509122796678965
tiroides,tiroides_707.png,gauss s=1.2,0.46723013015286824,0.5817009806632996,0.9568199688903537,0.309912755757935
tiroides,tiroides_707.png,gauss s=1.6,0.447832022508552,0.4580903947353363,0.9218009820646048,0.25294284676926976
tiroides,tiroides_707.png,gauss s=2.0,0.44199347323960764,0.3903529942035675,0.8832862414938333,0.2178195185060523
tiroides,tiroides_708.png,media k=3,0.254807774596367,0.6442772150039673,0.9260905985604911,0.4801103716256613
tiroides,tiroides_708.png,media k=5,0.1596535712626506,0.07470843195915222,0.7594031304395472,0.06278096399344082
tiroides,tiroides_708.png,mediana k=3,1.1925616116467348,0.6662721037864685,0.9409351011901572,-0.12829843010038294
tiroides,tiroides_708.png,mediana k=5,0.7341927217689187,0.4134461283683777,0.7981406655266499,0.10989699007677672
tiroides,tiroides_708.png,gauss s=0.5,0.6374638423563413,0.9838213920593262,0.991859300901782,0.3566708272848236
tiroides,tiroides_708.png,gauss s=0.6,0.4690541918415152,0.9525651931762695,0.9788067313547321,0.5057604963146176
tiroides,tiroides_708.png,gauss s=0.8,0.30098197191501636,0.8634616136550903,0.9473383382922298,0.6035752345042592
tiroides,tiroides_708.png,gauss s=1.0,0.2180596274081663,0.76043301820755,0.9088390321854464,0.5946132775883444
tiroides,tiroides_708.png,gauss s=1.2,0.1790081496822529,0.6693456172943115,0.867499162212557,0.5495272968445315
tiroides,tiroides_708.png,gauss s=1.6,0.15077278940174538,0.4801112711429596,0.7783064417558485,0.40772355556951784
tiroides,tiroides_708.png,gauss s=2.0,0.1458922716169527,0.36757999658584595,0.705477574119909,0.31395291588298513
tiroides,tiroides_709.png,media k=3,0.5664431292323513,0.472867876291275,0.9844783409117279,0.2050151167313888
tiroides,tiroides_709.png,media k=5,0.5299560218359242,0.1734710931777954,0.9618499350741969,0.08153904273376203
tiroides,tiroides_709.png,mediana k=3,1.031432900480259,0.9441267251968384,0.9933538498909686,-0.029676641393864993
tiroides,tiroides_709.png,mediana k=5,1.0120994650417354,0.9021275639533997,0.9833089507019197,-0.010915260923240097
tiroides,tiroides_709.png,gauss s=0.5,0.7541817545318295,0.9751312732696533,0.9969039249157613,0.23970505869628933
tiroides,tiroides_709.png,gauss s=0.6,0.6436729424892516,0.9237785935401917,0.9936139687561671,0.3291673080275942
tiroides,tiroides_709.png,gauss s=0.8,0.5703240381144088,0.7839306592941284,0.9878940468089348,0.3368361600838103
tiroides,tiroides_709.png,gauss s=1.0,0.5477824940651357,0.6554638147354126,0.981968727893313,0.29641221153020025
tiroides,tiroides_709.png,gauss s=1.2,0.5376850200746097,0.5738662481307983,0.9755668773734557,0.26530696298444906
tiroides,tiroides_709.png,gauss s=1.6,0.5236327932698093,0.4570024609565735,0.9593240872111136,0.21770098579470595
tiroides,tiroides_709.png,gauss s=2.0,0.5209142425800523,0.39981091022491455,0.9393779741869939,0.19154371274986193
tiroides,tiroides_710.png,media k=3,0.4742096931703628,0.456379234790802,0.9741362806614997,0.23995977789133083
tiroides,tiroides_710.png,media k=5,0.4235623267389113,0.19778531789779663,0.9142262315122403,0.11401090845421066
tiroides,tiroides_710.png,mediana k=3,1.3733678017893145,0.9207274317741394,0.9852248546826791,-0.34376997724863145
tiroides,tiroides_710.png,mediana k=5,1.232634513608871,0.8704445362091064,0.9466323589191212,-0.20249544130450478
tiroides,tiroides_710.png,gauss s=0.5,0.723788353704637,0.9766155481338501,0.9958820076115502,0.26975258834769905
tiroides,tiroides_710.png,gauss s=0.6,0.5932105279737904,0.9288672804832458,0.9908298530374757,0.37785343061020077
tiroides,tiroides_710.png,gauss s=0.8,0.49075022051411293,0.7935142517089844,0.9803427766048969,0.40409695770170895
tiroides,tiroides_710.png,gauss s=1.0,0.4539972120715726,0.6651873588562012,0.9672020893100369,0.3631941524302331
tiroides,tiroides_710.png,gauss s=1.2,0.4372342017389113,0.5836334228515625,0.9511480610491102,0.3284489291029111
tiroides,tiroides_710.png,gauss s=1.6,0.41823651713709675,0.4685018062591553,0.9089917745212096,0.2725572425368873
tiroides,tiroides_710.png,gauss s=2.0,0.4084059192288306,0.4080792963504791,0.8623434654464015,0.2414172962062073
tiroides,tiroides_712.png,media k=3,0.2676892246030522,0.5884901881217957,0.9418819856064609,0.43095770597696786
tiroides,tiroides_712.png,media k=5,0.18409561598112612,0.03953750431537628,0.8284322558370205,0.03225882310408065
tiroides,tiroides_712.png,mediana k=3,1.185866716711014,0.7281303405761719,0.9613544079552423,-0.13533519574056546
tiroides,tiroides_712.png,mediana k=5,0.8827320192223912,0.5124310851097107,0.872434281129545,0.06009175863849477
tiroides,tiroides_712.png,gauss s=0.5,0.6416595733272564,0.9841145873069763,0.9929456180092819,0.35264804111045284
tiroides,tiroides_712.png,gauss s=0.6,0.47454105535485686,0.9514335989952087,0.982540113595258,0.49993929482795274
tiroides,tiroides_712.png,gauss s=0.8,0.31010516015308204,0.852213442325592,0.9588298477312411,0.5879376563086051
tiroides,tiroides_712.png,gauss s=1.0,0.23315862494219206,0.7383003830909729,0.9312182264648227,0.566159280975188
tiroides,tiroides_712.png,gauss s=1.2,0.19573762910436257,0.641559898853302,0.9024323709210721,0.515982485323322
tiroides,tiroides_712.png,gauss s=1.6,0.1733483689787602,0.45537716150283813,0.8400441236838386,0.3764382732861437
tiroides,tiroides_712.png,gauss s=2.0,0.16811381961246905,0.3547924757003784,0.7851647330490205,0.2951469574406237
tiroides,tiroides_715.png,media k=3,0.6665126050420167,0.5670405626296997,0.9850976622469342,0.18910088006688772
tiroides,tiroides_715.png,media k=5,0.6424789915966386,0.284371554851532,0.9482810411372253,0.10166880505175152
tiroides,tiroides_715.png,mediana k=3,1.3677755808205634,0.6685259342193604,0.988647927963131,-0.245867513751135
tiroides,tiroides_715.png,mediana k=5,1.2550222441917942,0.4880014657974243,0.9584568859350926,-0.12445122897654425
tiroides,tiroides_715.png,gauss s=0.5,0.8264705882352941,0.9573692679405212,0.9981438182962963,0.1661317259073258
tiroides,tiroides_715.png,gauss s=0.6,0.7349802273850716,0.9003596901893616,0.9954082559543317,0.23861312036563195
tiroides,tiroides_715.png,gauss s=0.8,0.6744809688581315,0.7760953307151794,0.989233384527031,0.25263380012813325
tiroides,tiroides_715.png,gauss s=1.0,0.6552298566485417,0.669927716255188,0.9814639166627511,0.23097107476841622
tiroides,tiroides_715.png,gauss s=1.2,0.6520983687592684,0.5882536172866821,0.971848713110399,0.20465439303729774
tiroides,tiroides_715.png,gauss s=1.6,0.6434379634206625,0.44528067111968994,0.9447626308579178,0.15877018294385084
tiroides,tiroides_715.png,gauss s=2.0,0.6382254078101829,0.34482502937316895,0.9122421965635217,0.12474893437831991
tiroides,tiroides_719.png,media k=3,0.4622747025477263,0.4486846923828125,0.9676292556467323,0.24126910967382978
tiroides,tiroides_719.png,media k=5,0.4108498347049782,0.18229493498802185,0.8624117239076574,0.10739909108063832
tiroides,tiroides_719.png,mediana k=3,1.4064007093395625,0.9273951053619385,0.9835219650232664,-0.3768940286571301
tiroides,tiroides_719.png,mediana k=5,1.3233301152001655,0.8584821820259094,0.9173372953296126,-0.27757314281172674
tiroides,tiroides_719.png,gauss s=0.5,0.712575699268831,0.9816502928733826,0.9959031812509963,0.28215014899167923
tiroides,tiroides_719.png,gauss s=0.6,0.5783120328924716,0.941398561000824,0.9901275140100029,0.39697644542639005
tiroides,tiroides_719.png,gauss s=0.8,0.4745958767387483,0.8191688060760498,0.9760152655641038,0.4303946683593532
tiroides,tiroides_719.png,gauss s=1.0,0.4389871207160009,0.6965795159339905,0.9560396383469465,0.39079007988438236
tiroides,tiroides_719.png,gauss s=1.2,0.4248610914197368,0.6117220520973206,0.9307264332905032,0.35182515339773185
tiroides,tiroides_719.png,gauss s=1.6,0.4085161255477015,0.4860869348049164,0.8621503226344825,0.2875125835190538
tiroides,tiroides_719.png,gauss s=2.0,0.40845086270723757,0.41500136256217957,0.789923828760264,0.24549369799897822
clima,clima_01_red_eagle_logan_glaciers_1914.jpg,media k=3,0.120329323297373,0.2117682546377182,0.86117706747665,0.1862863238612958
clima,clima_01_red_eagle_logan_glaciers_1914.jpg,media k=5,0.06419470412133535,-0.045001640915870667,0.768324643737854,-0.04211277389230177
clima,clima_01_red_eagle_logan_glaciers_1914.jpg,mediana k=3,0.4692076547765424,0.4796443283557892,0.871554130680806,0.25459153792109945
clima,clima_01_red_eagle_logan_glaciers_1914.jpg,mediana k=5,0.28772306874132336,0.2985600531101227,0.7828980018752825,0.2126574384257057
clima,clima_01_red_eagle_logan_glaciers_1914.jpg,gauss s=0.5,0.4812240120514771,0.9727041721343994,0.9814303335550802,0.5046155678806732
clima,clima_01_red_eagle_logan_glaciers_1914.jpg,gauss s=0.6,0.2800643528360903,0.912147045135498,0.955311622025474,0.6566871732482727
clima,clima_01_red_eagle_logan_glaciers_1914.jpg,gauss s=0.8,0.12907582362878117,0.736773669719696,0.9074333436084756,0.6416740014726267
clima,clima_01_red_eagle_logan_glaciers_1914.jpg,gauss s=1.0,0.08128094699308623,0.5693783164024353,0.8685068830450807,0.5230987076479163
clima,clima_01_red_eagle_logan_glaciers_1914.jpg,gauss s=1.2,0.06351646477122615,0.4594520330429077,0.8383513398777422,0.4302692641720696
clima,clima_01_red_eagle_logan_glaciers_1914.jpg,gauss s=1.6,0.05280214122950114,0.287287175655365,0.7875343755054471,0.27211779763298594
clima,clima_01_red_eagle_logan_glaciers_1914.jpg,gauss s=2.0,0.051397535408275,0.20636315643787384,0.7528491112233465,0.19575659879789484
clima,clima_02_lyell_glacier_1883_2015.jpg,media k=3,0.09479879323969735,0.001954255625605583,0.6545563201134017,0.0017689945506162842
clima,clima_02_lyell_glacier_1883_2015.jpg,media k=5,0.04008996601929123,-0.054059237241744995,0.5031386654370202,-0.051892004257694635
clima,clima_02_lyell_glacier_1883_2015.jpg,mediana k=3,0.3093896931068003,0.356905072927475,0.6943886340933246,0.2464823219461833
clima,clima_02_lyell_glacier_1883_2015.jpg,mediana k=5,0.1713478331105095,0.264164537191391,0.5533187776104967,0.21890051615900555
clima,clima_02_lyell_glacier_1883_2015.jpg,gauss s=0.5,0.45422181025814584,0.9730379581451416,0.9522703889524934,0.5310628953465654
clima,clima_02_lyell_glacier_1883_2015.jpg,gauss s=0.6,0.24675155927622472,0.9089189767837524,0.8858247985224865,0.6846418020066108
clima,clima_02_lyell_glacier_1883_2015.jpg,gauss s=0.8,0.09300152297204872,0.7078652381896973,0.7713522136011125,0.6420326929790834
clima,clima_02_lyell_glacier_1883_2015.jpg,gauss s=1.0,0.04754584719140453,0.5147855281829834,0.6887477171146058,0.4903096141236488
clima,clima_02_lyell_glacier_1883_2015.jpg,gauss s=1.2,0.03149883190720405,0.39999595284461975,0.6311064192876817,0.38739654756240516
clima,clima_02_lyell_glacier_1883_2015.jpg,gauss s=1.6,0.02166367469635946,0.2436976581811905,0.542675690399391,0.2384182713900886
clima,clima_02_lyell_glacier_1883_2015.jpg,gauss s=2.0,0.02022821232162785,0.1676539033651352,0.4874951712613659,0.16426256461131555
clima,clima_03_terminal_moraine.jpg,media k=3,0.10751926746911424,0.1028406023979187,0.7363033774331962,0.09178325616201205
clima,clima_03_terminal_moraine.jpg,media k=5,0.054300691930647516,-0.04812625050544739,0.5822469609620452,-0.04551296180297392
clima,clima_03_terminal_moraine.jpg,mediana k=3,0.3601314545352004,0.38451507687568665,0.7619469537002961,0.24603910294973125
clima,clima_03_terminal_moraine.jpg,mediana k=5,0.20174940837267277,0.21394187211990356,0.6114287956320945,0.170779225993571
clima,clima_03_terminal_moraine.jpg,gauss s=0.5,0.46881601752811153,0.9723466038703918,0.9657707023806372,0.5164949413868906
clima,clima_03_terminal_moraine.jpg,gauss s=0.6,0.2643552530299732,0.9085521697998047,0.9163507988466714,0.6683716310614461
clima,clima_03_terminal_moraine.jpg,gauss s=0.8,0.1112034098402803,0.7161529660224915,0.8265834346173401,0.63651431423356
clima,clima_03_terminal_moraine.jpg,gauss s=1.0,0.06502812179315304,0.5340585708618164,0.7564032820562573,0.499329745071137
clima,clima_03_terminal_moraine.jpg,gauss s=1.2,0.049593981863798584,0.42211323976516724,0.7038811885986704,0.40117896340778425
clima,clima_03_terminal_moraine.jpg,gauss s=1.6,0.04093752333505468,0.25572067499160767,0.6179395722234419,0.24525210389188282
clima,clima_03_terminal_moraine.jpg,gauss s=2.0,0.03954096461956732,0.17573709785938263,0.5626040695144184,0.16878828349057934
clima,clima_04_brevent_chamonix.jpg,media k=3,0.11294582229762185,0.0658971443772316,0.7874170918394257,0.05845433721848007
clima,clima_04_brevent_chamonix.jpg,media k=5,0.05856778871533316,0.018798604607582092,0.6481240233129734,0.017697611904782137
clima,clima_04_brevent_chamonix.jpg,mediana k=3,0.3894328578080984,0.36425256729125977,0.8141848720660763,0.22240064904708784
clima,clima_04_brevent_chamonix.jpg,mediana k=5,0.22116552289859018,0.21291887760162354,0.6851499739722333,0.16582856270187954
clima,clima_04_brevent_chamonix.jpg,gauss s=0.5,0.4719693139136851,0.9726295471191406,0.9725426197422254,0.5135782470731416
clima,clima_04_brevent_chamonix.jpg,gauss s=0.6,0.26775757799574196,0.9083594679832458,0.9331685249575393,0.6651393368865512
clima,clima_04_brevent_chamonix.jpg,gauss s=0.8,0.1157187147539126,0.7108923196792603,0.8606667712984871,0.6286287741175487
clima,clima_04_brevent_chamonix.jpg,gauss s=1.0,0.07001524995997171,0.5295804142951965,0.8019941012572664,0.49250170921441294
clima,clima_04_brevent_chamonix.jpg,gauss s=1.2,0.054257126618174036,0.421379953622818,0.7560477552755451,0.39851708812474446
clima,clima_04_brevent_chamonix.jpg,gauss s=1.6,0.044881904502216165,0.2691676616668701,0.6770469979366287,0.2570869043808528
clima,clima_04_brevent_chamonix.jpg,gauss s=2.0,0.043573933976197514,0.18763670325279236,0.6228051863636634,0.17946063393374384
clima,clima_05_hurricane_michael.jpg,media k=3,0.1108521373784942,0.08833817392587662,0.7543666084590855,0.07854569853408003
clima,clima_05_hurricane_michael.jpg,media k=5,0.05585225946295432,-0.030528347939252853,0.594409622732413,-0.028823270729174354
clima,clima_05_hurricane_michael.jpg,mediana k=3,0.391371070358103,0.29434934258461,0.7748749385390132,0.17914952531806722
clima,clima_05_hurricane_michael.jpg,mediana k=5,0.2185434473182353,0.12242476642131805,0.6247033753718534,0.09566963593047348
clima,clima_05_hurricane_michael.jpg,gauss s=0.5,0.46957561342469445,0.9737255573272705,0.9693933102464884,0.516487781438015
clima,clima_05_hurricane_michael.jpg,gauss s=0.6,0.2667865856467786,0.9131425023078918,0.9248816630519574,0.6695283319082137
clima,clima_05_hurricane_michael.jpg,gauss s=0.8,0.11425061520071955,0.7268800139427185,0.8418184101275527,0.6438335251726554
clima,clima_05_hurricane_michael.jpg,gauss s=1.0,0.06818334235432534,0.5499012470245361,0.7744380809289694,0.5124071420375917
clima,clima_05_hurricane_michael.jpg,gauss s=1.2,0.051468819684124964,0.44130605459213257,0.7218982010931685,0.4185925528428175
clima,clima_05_hurricane_michael.jpg,gauss s=1.6,0.041291726507386765,0.28085950016975403,0.632071797616517,0.2692623265017432
clima,clima_05_hurricane_michael.jpg,gauss s=2.0,0.03951813208345362,0.19743753969669342,0.5719676738573576,0.18963517692472737
clima,clima_06_lake_chad_1973_2007.jpg,media k=3,0.09396950282234927,-0.08122073113918304,0.6716653318509068,-0.07358845941516631
clima,clima_06_lake_chad_1973_2007.jpg,media k=5,0.04641453409137408,-0.02466626651585102,0.5381252931119588,-0.023521393247744136
clima,clima_06_lake_chad_1973_2007.jpg,mediana k=3,0.2677575606506006,0.09535763412714005,0.6905116232656151,0.06982490662384457
clima,clima_06_lake_chad_1973_2007.jpg,mediana k=5,0.13401309610043818,0.11965934187173843,0.5655683783401186,0.10362342299016596
clima,clima_06_lake_chad_1973_2007.jpg,gauss s=0.5,0.45996655849561324,0.97499018907547,0.9546013665149945,0.5265273072394389
clima,clima_06_lake_chad_1973_2007.jpg,gauss s=0.6,0.2521869263271726,0.9126939177513123,0.8902690054325174,0.6825244439561036
clima,clima_06_lake_chad_1973_2007.jpg,gauss s=0.8,0.0962166369766331,0.6999387741088867,0.7805236733281469,0.6325930191745824
clima,clima_06_lake_chad_1973_2007.jpg,gauss s=1.0,0.05175061871156186,0.4801408350467682,0.7035455505414215,0.455293249764412
clima,clima_06_lake_chad_1973_2007.jpg,gauss s=1.2,0.03799012372981788,0.350447416305542,0.6515376907198787,0.33713387559929947
clima,clima_06_lake_chad_1973_2007.jpg,gauss s=1.6,0.03178192365803703,0.1897653341293335,0.573240816456981,0.18373422676709314
clima,clima_06_lake_chad_1973_2007.jpg,gauss s=2.0,0.031229354806365066,0.1242736354470253,0.5259533107704135,0.12039264999257329
clima,clima_07_pasterze_glacier.jpg,media k=3,0.11636707029575655,0.10346079617738724,0.8105544216916132,0.09142136643575828
clima,clima_07_pasterze_glacier.jpg,media k=5,0.061607252783832334,0.028899813070893288,0.6753922856366398,0.027119374981629266
clima,clima_07_pasterze_glacier.jpg,mediana k=3,0.4164300257179597,0.4213704764842987,0.8348181929717102,0.2458991581251533
clima,clima_07_pasterze_glacier.jpg,mediana k=5,0.23990062790125033,0.2766161561012268,0.7132425785888581,0.2102557665649122
clima,clima_07_pasterze_glacier.jpg,gauss s=0.5,0.4765501739610218,0.9725335836410522,0.9758837371556506,0.5090725351739728
clima,clima_07_pasterze_glacier.jpg,gauss s=0.6,0.27247115279386414,0.9089733362197876,0.9410207054248947,0.6613043234410975
clima,clima_07_pasterze_glacier.jpg,gauss s=0.8,0.12062233244566851,0.7175212502479553,0.8759156934363437,0.6309721634637148
clima,clima_07_pasterze_glacier.jpg,gauss s=1.0,0.07495428678261028,0.5425199270248413,0.8217020130765882,0.5018557328293406
clima,clima_07_pasterze_glacier.jpg,gauss s=1.2,0.05879378095047012,0.4373856484889984,0.7781387959075702,0.4116700924808569
clima,clima_07_pasterze_glacier.jpg,gauss s=1.6,0.04921708990342086,0.28170454502105713,0.701654488490427,0.2678398671025535
clima,clima_07_pasterze_glacier.jpg,gauss s=2.0,0.047350514359194164,0.19719724357128143,0.6478120516661229,0.18785985265796598
clima,clima_08_san_martinho_madeira.jpg,media k=3,0.11474090773919313,0.04282371327280998,0.7939258740453029,0.03791008153912483
clima,clima_08_san_martinho_madeira.jpg,media k=5,0.054745808394263136,-0.0011117777321487665,0.6523074689878573,-0.0010509125614475417
clima,clima_08_san_martinho_madeira.jpg,mediana k=3,0.4244853201084781,0.2621680796146393,0.816326899260676,0.15088157841719413
clima,clima_08_san_martinho_madeira.jpg,mediana k=5,0.23461258998237763,0.13756074011325836,0.6831050697147891,0.10528725859539406
clima,clima_08_san_martinho_madeira.jpg,gauss s=0.5,0.4769586744014451,0.9748620390892029,0.9749549534692769,0.5098931332009269
clima,clima_08_san_martinho_madeira.jpg,gauss s=0.6,0.2735491932634857,0.9154587984085083,0.9380757617929666,0.6650357826379009
clima,clima_08_san_martinho_madeira.jpg,gauss s=0.8,0.11911594236821739,0.7260069847106934,0.8681761781054763,0.6395279785609711
clima,clima_08_san_martinho_madeira.jpg,gauss s=1.0,0.06969863341648251,0.5421398282051086,0.8101999371420856,0.504353423058566
clima,clima_08_san_martinho_madeira.jpg,gauss s=1.2,0.05067980539994511,0.43276143074035645,0.7640514390473365,0.4108291656458334
clima,clima_08_san_martinho_madeira.jpg,gauss s=1.6,0.03764181110117878,0.2794065773487091,0.6829890200266164,0.2688892077437221
clima,clima_08_san_martinho_madeira.jpg,gauss s=2.0,0.0347762809479775,0.2006796896457672,0.6263406400861513,0.1937007963780931
clima,clima_09_larsen_b_collapse.jpg,media k=3,0.11128276643125178,0.14808392524719238,0.7166348934953047,0.13160473638168613
clima,clima_09_larsen_b_collapse.jpg,media k=5,0.049019642572950994,-0.03136157989501953,0.5427179529645231,-0.029824246458042627
clima,clima_09_larsen_b_collapse.jpg,mediana k=3,0.3875489496465628,0.43153026700019836,0.7337487650865976,0.2642911652835707
clima,clima_09_larsen_b_collapse.jpg,mediana k=5,0.20436210936879867,0.28617969155311584,0.5799497275289356,0.22769540612880892
clima,clima_09_larsen_b_collapse.jpg,gauss s=0.5,0.4816420211174092,0.9747985005378723,0.9621636385498161,0.5052945805565915
clima,clima_09_larsen_b_collapse.jpg,gauss s=0.6,0.2791575366809926,0.9160494804382324,0.9088793906898082,0.6603273640011923
clima,clima_09_larsen_b_collapse.jpg,gauss s=0.8,0.12031284214896018,0.7366805672645569,0.8113096971028311,0.6480484344610498
clima,clima_09_larsen_b_collapse.jpg,gauss s=1.0,0.06640305657553802,0.5625726580619812,0.7333442793708637,0.5252161140208407
clima,clima_09_larsen_b_collapse.jpg,gauss s=1.2,0.0448986028743891,0.4515901207923889,0.6744827213715229,0.43131435529693407
clima,clima_09_larsen_b_collapse.jpg,gauss s=1.6,0.03049713698606233,0.28212830424308777,0.5791109948930319,0.27352419870094086
clima,clima_09_larsen_b_collapse.jpg,gauss s=2.0,0.02820045440333944,0.20002785325050354,0.5171211764548727,0.19438697689551485
clima,clima_10_marine_debris.jpg,media k=3,0.13400744474300288,0.1515928953886032,0.7892653824282404,0.13127831883638316
clima,clima_10_marine_debris.jpg,media k=5,0.06751183338976981,-0.02828344702720642,0.623574151673371,-0.02637397966381728
clima,clima_10_marine_debris.jpg,mediana k=3,0.5215988901096492,0.4416331350803375,0.820983627578181,0.21127778198678868
clima,clima_10_marine_debris.jpg,mediana k=5,0.31263072759207877,0.23279669880867004,0.6763137753919674,0.1600172974790815
clima,clima_10_marine_debris.jpg,gauss s=0.5,0.5000699162710024,0.9768115282058716,0.9764923109354352,0.48833746908341147
clima,clima_10_marine_debris.jpg,gauss s=0.6,0.3006304644925224,0.9228084683418274,0.9402349736985114,0.6453841298665907
clima,clima_10_marine_debris.jpg,gauss s=0.8,0.1425069002730876,0.7530970573425293,0.8678311477460534,0.6457755300958617
clima,clima_10_marine_debris.jpg,gauss s=1.0,0.08773249596215264,0.585322916507721,0.8046398475487219,0.5339710760986519
clima,clima_10_marine_debris.jpg,gauss s=1.2,0.06563846710402908,0.4777015745639801,0.7529128355936032,0.4463459754764194
clima,clima_10_marine_debris.jpg,gauss s=1.6,0.051165555395855204,0.3104473650455475,0.6607175211995399,0.29456315319181225
clima,clima_10_marine_debris.jpg,gauss s=2.0,0.048682553332472574,0.22267977893352509,0.5959098267164321,0.21183915871953055
