dominio,imagen,sigma_u,alfa,ganancia_borde,amp_ruido,rms_rel,d_entropia
tiroides,tiroides_703.png,1.0,0.5,1.0177700969516272,1.6061778095048624,1.0090448326959818,-0.03722946287388229
tiroides,tiroides_703.png,1.0,1.0,1.0783014694179482,2.023990357046729,1.0159555457284895,-0.07982232334263539
tiroides,tiroides_703.png,1.0,1.5,1.1441382007184546,2.4481457209394857,1.0218896203622654,-0.11643253145516308
tiroides,tiroides_703.png,1.0,2.0,1.2231163129673994,2.8926343752559944,1.0272426254836406,-0.1252694799578995
tiroides,tiroides_703.png,1.5,0.5,1.0701941653375933,1.6241354694503285,1.0148478261252272,-0.08798873567652965
tiroides,tiroides_703.png,1.5,1.0,1.1833295062269018,2.0781207943733837,1.0251218147347414,-0.15192806551602267
tiroides,tiroides_703.png,1.5,1.5,1.3064570662009574,2.5504909246234684,1.0343178716136796,-0.15175210555954877
tiroides,tiroides_703.png,1.5,2.0,1.4377589263135349,3.040017085815262,1.0432558495792166,-0.16965687753663694
tiroides,tiroides_703.png,2.0,0.5,1.1147255426637321,1.625405202981826,1.0198442038411561,-0.13326540792556685
tiroides,tiroides_703.png,2.0,1.0,1.2698267110506873,2.093544838562451,1.03299764791418,-0.16076562841492503
tiroides,tiroides_703.png,2.0,1.5,1.4334216258068817,2.590133526816538,1.0459355881972068,-0.17828259561720383
tiroides,tiroides_703.png,2.0,2.0,1.617255858813965,3.108635358275503,1.058459611015075,-0.19624273144201965
tiroides,tiroides_703.png,3.0,0.5,1.174384491072081,1.6278627517524666,1.02790281472099,-0.15927867363108383
tiroides,tiroides_703.png,3.0,1.0,1.3823247215628203,2.105774069349686,1.0480478186742235,-0.17242934180249225
tiroides,tiroides_703.png,3.0,1.5,1.6066557286055638,2.637248247533674,1.0675324458580187,-0.2156403970796541
tiroides,tiroides_703.png,3.0,2.0,1.799139742842747,3.170518776842869,1.0864634491129899,-0.2649120735840915
tiroides,tiroides_705.png,1.0,0.5,0.997071132119451,1.8082611161323479,1.0132439174339325,0.0590607991309513
tiroides,tiroides_705.png,1.0,1.0,1.0438415191656425,2.169054707852623,1.0239799616889296,0.08659083960284697
tiroides,tiroides_705.png,1.0,1.5,1.0490580128639269,2.594675421340847,1.033210551369523,0.08527427228098272
tiroides,tiroides_705.png,1.0,2.0,1.112517390995401,3.0786502915271052,1.0406221496323258,0.08697406428352572
tiroides,tiroides_705.png,1.5,0.5,1.0371533285097914,1.7889042479663988,1.0232128467267754,0.09378852460300546
tiroides,tiroides_705.png,1.5,1.0,1.092435372811052,2.210404593545643,1.0398168825183693,0.08323253698860267
tiroides,tiroides_705.png,1.5,1.5,1.2067565378948677,2.69474719549152,1.0534204085376604,0.10993070063423627
tiroides,tiroides_705.png,1.5,2.0,1.3168970503239492,3.1787530791996734,1.0666461101597917,0.12150988702553445
tiroides,tiroides_705.png,2.0,0.5,1.0795629101218083,1.7754798234887552,1.0329562835497144,0.10475326566319332
tiroides,tiroides_705.png,2.0,1.0,1.1916970833594465,2.2290835947330176,1.0543602524382807,0.09317673295866769
tiroides,tiroides_705.png,2.0,1.5,1.3126994755876886,2.7413649494036543,1.0743323022904434,0.1452503872987947
tiroides,tiroides_705.png,2.0,2.0,1.40722023287929,3.256127385825934,1.0931076212511808,0.14056969404298414
tiroides,tiroides_705.png,3.0,0.5,1.1580765763124852,1.7601945876973788,1.0499126902480846,0.11331185645366126
tiroides,tiroides_705.png,3.0,1.0,1.279406253577691,2.2489233877399117,1.0832165368163453,0.1352972170988167
tiroides,tiroides_705.png,3.0,1.5,1.4357568524509052,2.8132011271199953,1.114146704270004,0.11820105229518774
tiroides,tiroides_705.png,3.0,2.0,1.6181342117241422,3.3788434614634832,1.139587305173223,0.08861195045434656
tiroides,tiroides_706.png,1.0,0.5,1.0378445290985638,1.7197555762921044,1.0205813679521905,0.009093664598135653
tiroides,tiroides_706.png,1.0,1.0,1.0447244817921695,2.1999122757980105,1.037027494471833,0.020913098080125536
tiroides,tiroides_706.png,1.0,1.5,1.0660910403741506,2.675828972207769,1.0511560244014462,0.025978614937928413
tiroides,tiroides_706.png,1.0,2.0,1.0838283970316216,3.175039884410463,1.0644183712820359,0.05065462473357485
tiroides,tiroides_706.png,1.5,0.5,1.0849710810341922,1.7641939048880442,1.0350975107428635,0.023009530868789874
tiroides,tiroides_706.png,1.5,1.0,1.1076105139439019,2.2575823381939997,1.0607577237922,0.0495014345400735
tiroides,tiroides_706.png,1.5,1.5,1.1793465559918581,2.7453547024902494,1.0861466223185645,0.09037908462490041
tiroides,tiroides_706.png,1.5,2.0,1.2788601504714756,3.244428008101588,1.1118982186405213,0.1126185367789212
tiroides,tiroides_706.png,2.0,0.5,1.142846056293632,1.7942437442753507,1.0492934424474498,0.031474715262760355
tiroides,tiroides_706.png,2.0,1.0,1.2001935261590189,2.280382030299251,1.0860595303099634,0.09664648921114605
tiroides,tiroides_706.png,2.0,1.5,1.3227050656449528,2.7833685233522685,1.1240696462453998,0.13518392555498693
tiroides,tiroides_706.png,2.0,2.0,1.4483957121249513,3.2835426816944535,1.161550471905581,0.16427122983404274
tiroides,tiroides_706.png,3.0,0.5,1.1850385708386377,1.8101545064008568,1.0744878725993559,0.07971624423034918
tiroides,tiroides_706.png,3.0,1.0,1.3927080711648467,2.3077141395072824,1.1378467021364251,0.16396942779051926
tiroides,tiroides_706.png,3.0,1.5,1.505419954208583,2.8218983689318717,1.1981540952557999,0.19825024125928525
tiroides,tiroides_706.png,3.0,2.0,1.6600312280847507,3.3434015489341937,1.250972938974944,0.22913425658199316
tiroides,tiroides_707.png,1.0,0.5,1.0295538611835775,1.7118687864056408,1.0221501220130562,0.0003754646792328842
tiroides,tiroides_707.png,1.0,1.0,1.0626976468911138,2.1519686418779833,1.0398042753170842,-0.006286579672215353
tiroides,tiroides_707.png,1.0,1.5,1.0813480209928494,2.6474576271186443,1.0546470803902064,-0.013021454728121995
tiroides,tiroides_707.png,1.0,2.0,1.134431426210783,3.1395261244689703,1.0680987839765415,0.0018660180155469774
tiroides,tiroides_707.png,1.5,0.5,1.0772150891662275,1.7527657338063327,1.0383784339156055,-0.004523426378174378
tiroides,tiroides_707.png,1.5,1.0,1.1406886692047058,2.2781675644899924,1.0657873079889877,-0.0019520137558659556
tiroides,tiroides_707.png,1.5,1.5,1.2409954292808727,2.7965313362238864,1.0912406683538136,0.025053183092938802
tiroides,tiroides_707.png,1.5,2.0,1.3498920379269188,3.3163228660272415,1.1165335116067407,0.0480840927118118
tiroides,tiroides_707.png,2.0,0.5,1.119299571215618,1.8012700915341828,1.0538989189876198,-0.011353135117539992
tiroides,tiroides_707.png,2.0,1.0,1.2578686495630667,2.3423203258441725,1.092329247003424,0.02687368664059786
tiroides,tiroides_707.png,2.0,1.5,1.3924958399049348,2.8777383611439578,1.130213607501198,0.06222457371190959
tiroides,tiroides_707.png,2.0,2.0,1.5187700554172983,3.420041168484211,1.1666877924528722,0.08750737721572133
tiroides,tiroides_707.png,3.0,0.5,1.2038114014712091,1.8296237901283232,1.0806607193128346,0.020128147087022263
tiroides,tiroides_707.png,3.0,1.0,1.4061375359312147,2.392659746857618,1.144207933200637,0.08350845202246493
tiroides,tiroides_707.png,3.0,1.5,1.5510628121358656,2.9692375071168917,1.2033437205279336,0.12288782669492893
tiroides,tiroides_707.png,3.0,2.0,1.7240470702451651,3.597363465160075,1.2573515600646372,0.16079791382058684
tiroides,tiroides_708.png,1.0,0.5,1.1050522240034417,1.5318761754276222,1.0106432173090782,-0.01276053428494528
tiroides,tiroides_708.png,1.0,1.0,1.2205714707298028,1.9094306360612059,1.0204118263168394,-0.03617029863403243
tiroides,tiroides_708.png,1.0,1.5,1.3389254342592958,2.309159297607104,1.0303480833836494,-0.06082341508432343
tiroides,tiroides_708.png,1.0,2.0,1.4540923135908335,2.732792552003153,1.0403372014823693,-0.07063501179854637
tiroides,tiroides_708.png,1.5,0.5,1.185625988047212,1.577024781974678,1.0188205540360222,-0.04247994526551757
tiroides,tiroides_708.png,1.5,1.0,1.3801921968955224,2.0480000974868697,1.0366845470054864,-0.08378751943443596
tiroides,tiroides_708.png,1.5,1.5,1.574440334355695,2.550016857104559,1.054789430777729,-0.09891965659734403
tiroides,tiroides_708.png,1.5,2.0,1.7795437875561644,3.0687566768350893,1.0731660696204075,-0.12363850434609702
tiroides,tiroides_708.png,2.0,0.5,1.2483654582472414,1.5973670421265138,1.0267785552593767,-0.06819801211924137
tiroides,tiroides_708.png,2.0,1.0,1.4963449938274596,2.1091690462940775,1.0522224468811439,-0.11746714673636482
tiroides,tiroides_708.png,2.0,1.5,1.7590470717506534,2.6585075572633814,1.0780416909419432,-0.1475095027980462
tiroides,tiroides_708.png,2.0,2.0,1.9985477159674356,3.2509758841855994,1.1038906879559718,-0.17568440508848582
tiroides,tiroides_708.png,3.0,0.5,1.3243091132415623,1.6048735310962807,1.0409060432359145,-0.10857757079526564
tiroides,tiroides_708.png,3.0,1.0,1.6480217870752796,2.160414644152616,1.0795752649870571,-0.15176489379405833
tiroides,tiroides_708.png,3.0,1.5,1.9544393476973603,2.779663426582233,1.1175707063478901,-0.205613410510745
tiroides,tiroides_708.png,3.0,2.0,2.236193412885254,3.464646792885084,1.1541303948266823,-0.29618796692620375
tiroides,tiroides_709.png,1.0,0.5,0.9537906513745644,1.758956701881255,1.0078129990169555,-0.066663831065223
tiroides,tiroides_709.png,1.0,1.0,0.9753443532538386,2.2046266502342577,1.0133362686230474,-0.09933485774655448
tiroides,tiroides_709.png,1.0,1.5,0.9817972918974981,2.713678062254533,1.017635906008205,-0.15696099383685702
tiroides,tiroides_709.png,1.0,2.0,0.9956167391860196,3.2209935213469465,1.0198575619877872,-0.1661687369513869
tiroides,tiroides_709.png,1.5,0.5,0.983546429130219,1.7554560233250691,1.012534410679408,-0.1120076222406059
tiroides,tiroides_709.png,1.5,1.0,1.0199144066102073,2.328536284773007,1.0194694195871232,-0.1866266413894051
tiroides,tiroides_709.png,1.5,1.5,1.0621572688196168,2.8328833602677777,1.0233982998177977,-0.19263512503637958
tiroides,tiroides_709.png,1.5,2.0,1.111414455215439,3.3721221305225604,1.0273172989415003,-0.18782558824428275
tiroides,tiroides_709.png,2.0,0.5,1.0208352690239346,1.8257908896039439,1.016998629027189,-0.16083568257256253
tiroides,tiroides_709.png,2.0,1.0,1.081725416056551,2.3636773429370215,1.0240813651782676,-0.20543372654578018
tiroides,tiroides_709.png,2.0,1.5,1.1488576077670445,2.905189156528286,1.030341278922134,-0.19978076876348627
tiroides,tiroides_709.png,2.0,2.0,1.2600605179084396,3.4587183680124296,1.0367900053563137,-0.2062839042142972
tiroides,tiroides_709.png,3.0,0.5,1.0668099582320563,1.8623322191904321,1.0229734652232552,-0.20802450871506828
tiroides,tiroides_709.png,3.0,1.0,1.1803982034881302,2.3976003567814854,1.035289997880136,-0.2245894204983534
tiroides,tiroides_709.png,3.0,1.5,1.3062075554732844,2.9653336913936057,1.0468694238524507,-0.2402842219463741
tiroides,tiroides_709.png,3.0,2.0,1.4495594568949728,3.5136934076947797,1.0577705998140197,-0.24539696423549895
tiroides,tiroides_710.png,1.0,0.5,1.055207332957966,1.7058783409694527,1.0111543356424852,0.02202128875450704
tiroides,tiroides_710.png,1.0,1.0,1.094297447358787,2.134573567525496,1.0207463828959522,0.038310809190504
tiroides,tiroides_710.png,1.0,1.5,1.152394546804082,2.602842883163359,1.0295953589715257,0.045209537805161126
tiroides,tiroides_710.png,1.0,2.0,1.2111801461268012,3.0754250684041176,1.0377638945374592,0.0490327785019673
tiroides,tiroides_710.png,1.5,0.5,1.088068296471195,1.7308809487510732,1.0204211575798376,0.03657134252058114
tiroides,tiroides_710.png,1.5,1.0,1.1944185731837558,2.2319521452012805,1.0373639571843365,0.05431347070931203
tiroides,tiroides_710.png,1.5,1.5,1.2966165615337868,2.7496288926155645,1.052529079725724,0.041333216314666466
tiroides,tiroides_710.png,1.5,2.0,1.3867564309075386,3.2690267758992833,1.0672121233129561,0.019343836699412975
tiroides,tiroides_710.png,2.0,0.5,1.1336328435142893,1.7649867203735945,1.0302945965687458,0.055076335603311044
tiroides,tiroides_710.png,2.0,1.0,1.2802140298812734,2.291108668266106,1.0542401098638594,0.034995873344874084
tiroides,tiroides_710.png,2.0,1.5,1.4037879705102891,2.8396575380936713,1.0760143723587376,0.002947379186616139
tiroides,tiroides_710.png,2.0,2.0,1.527380849293953,3.395331669702392,1.0969149131607747,-0.01896282375155689
tiroides,tiroides_710.png,3.0,0.5,1.2026206226577911,1.8033973376555639,1.0489179752228437,0.054244156726842796
tiroides,tiroides_710.png,3.0,1.0,1.369531722127379,2.3434889710897315,1.0865238867601557,-0.024638569510942787
tiroides,tiroides_710.png,3.0,1.5,1.5722216976135706,2.9500268802105483,1.120554426152694,-0.09389425748003788
tiroides,tiroides_710.png,3.0,2.0,1.7698489166265374,3.5633530454877356,1.1505880290907575,-0.16257873201036155
tiroides,tiroides_712.png,1.0,0.5,1.0830880907288052,1.5411029221059913,1.0108363314866737,-0.029619049284964838
tiroides,tiroides_712.png,1.0,1.0,1.1654562477790336,1.939828823376848,1.02104209333794,-0.03631169268347634
tiroides,tiroides_712.png,1.0,1.5,1.2525914984542128,2.333113599031728,1.0315112054956999,-0.0896552342440069
tiroides,tiroides_712.png,1.0,2.0,1.3425987610747991,2.772158943546296,1.0413978705065576,-0.12761714483944786
tiroides,tiroides_712.png,1.5,0.5,1.1449977748772107,1.5956006311057318,1.0200726673684708,-0.05519977312801316
tiroides,tiroides_712.png,1.5,1.0,1.2897104508691923,2.065461009769171,1.039269058248351,-0.13765535938287865
tiroides,tiroides_712.png,1.5,1.5,1.4389433064026795,2.6085037174721193,1.0569360162505614,-0.18280328935936563
tiroides,tiroides_712.png,1.5,2.0,1.585983110089894,3.2226809025676495,1.073629157293285,-0.2383554754979187
tiroides,tiroides_712.png,2.0,0.5,1.1961607970583974,1.6122211895910783,1.029690991514345,-0.0866452049481321
tiroides,tiroides_712.png,2.0,1.0,1.3813852952688066,2.162579968876978,1.0565386766438951,-0.1944856285704999
tiroides,tiroides_712.png,2.0,1.5,1.5770735017747888,2.81753587792859,1.08087807872461,-0.2669842733183607
tiroides,tiroides_712.png,2.0,2.0,1.7667068429417272,3.5216564364139367,1.1030931467199798,-0.35517284896855905
tiroides,tiroides_712.png,3.0,0.5,1.2650895127908897,1.6437062332497623,1.047971692110588,-0.15722409591074538
tiroides,tiroides_712.png,3.0,1.0,1.5109956676339078,2.3076424310538606,1.0880635860999694,-0.28929566693276154
tiroides,tiroides_712.png,3.0,1.5,1.7479378329974822,3.069010979510677,1.1225078783791005,-0.4617272568779338
tiroides,tiroides_712.png,3.0,2.0,1.9589137968446269,3.9001415665254604,1.1521217897293348,-0.6380770578463597
tiroides,tiroides_715.png,1.0,0.5,1.0610016452447675,1.7486798951977864,1.0020023183368743,0.0032561128143102636
tiroides,tiroides_715.png,1.0,1.0,1.1229578121539678,2.1883618241448177,1.0040587856552987,0.005894303384414101
tiroides,tiroides_715.png,1.0,1.5,1.1917380666113397,2.66084024991297,1.0060691785440503,0.005740609864457014
tiroides,tiroides_715.png,1.0,2.0,1.2577628042879048,3.151743344509793,1.0079738996946368,0.004297654187468858
tiroides,tiroides_715.png,1.5,0.5,1.1141923051281521,1.7562505725645392,1.004074450046217,0.0028349569522747586
tiroides,tiroides_715.png,1.5,1.0,1.2365288400602925,2.2465856831382034,1.0079368200821839,0.000858777067976213
tiroides,tiroides_715.png,1.5,1.5,1.361050669247563,2.7155645944410853,1.0115710068473356,-0.0017073049761542336
tiroides,tiroides_715.png,1.5,2.0,1.4916750193299018,3.198992286410524,1.0152004997265505,0.0020473221166312783
tiroides,tiroides_715.png,2.0,0.5,1.1676870900777256,1.7902966342366116,1.0062199350042447,-0.0012115847202140984
tiroides,tiroides_715.png,2.0,1.0,1.3400419970374866,2.260345554150864,1.011919924661743,-0.005666323194872369
tiroides,tiroides_715.png,2.0,1.5,1.5203951537694649,2.735385404642811,1.0174683453506699,-0.0011525053644056982
tiroides,tiroides_715.png,2.0,2.0,1.702772011374948,3.2242547499954193,1.023205299687269,0.006585491145147948
tiroides,tiroides_715.png,3.0,0.5,1.2403473098677138,1.7952142765532533,1.01031731679396,-0.010603241336663238
tiroides,tiroides_715.png,3.0,1.0,1.484365768487164,2.259601678301178,1.0195308516465291,-0.009606358530582781
tiroides,tiroides_715.png,3.0,1.5,1.7327787624724802,2.746188094321992,1.0289454388101085,-0.0013766470585130364
tiroides,tiroides_715.png,3.0,2.0,1.991469746883652,3.238256472269554,1.0390050789161258,-0.000640447900025265
tiroides,tiroides_719.png,1.0,0.5,1.0516660164087634,1.7260609796576416,1.014364794079763,0.022598395348479627
tiroides,tiroides_719.png,1.0,1.0,1.0997342335871283,2.1517758072929016,1.0271782907493543,0.05505726140040412
tiroides,tiroides_719.png,1.0,1.5,1.1814723146513177,2.603783963203566,1.0390964960776745,0.06825274123103853
tiroides,tiroides_719.png,1.0,2.0,1.266146760734954,3.088287732941344,1.0508905490647058,0.08529282654199566
tiroides,tiroides_719.png,1.5,0.5,1.088266016620804,1.7472947982360472,1.0261075654700922,0.05737523424359825
tiroides,tiroides_719.png,1.5,1.0,1.2335850078799595,2.2288017449855375,1.048286279999148,0.084351211173181
tiroides,tiroides_719.png,1.5,1.5,1.3755806599870337,2.7571814690122816,1.069873559904957,0.11354506366874162
tiroides,tiroides_719.png,1.5,2.0,1.5252948557355133,3.3286357816871357,1.0914187769699386,0.11479137892363589
tiroides,tiroides_719.png,2.0,0.5,1.1427702629992829,1.7765754658826878,1.0377425883470874,0.07889482934304581
tiroides,tiroides_719.png,2.0,1.0,1.3385330552773995,2.307970980131822,1.0693390400084661,0.12317105918133642
tiroides,tiroides_719.png,2.0,1.5,1.5313680966862822,2.903105884584381,1.100336529790083,0.1175274373617965
tiroides,tiroides_719.png,2.0,2.0,1.7311915993746922,3.4901228128408177,1.1304194214035193,0.08780786360810744
tiroides,tiroides_719.png,3.0,0.5,1.2137324397234779,1.8159040257954386,1.05841142718015,0.12766911057839625
tiroides,tiroides_719.png,3.0,1.0,1.4669195427768098,2.4028925032007207,1.1063597434603178,0.11672965072785058
tiroides,tiroides_719.png,3.0,1.5,1.7277185065342968,3.0351652520271237,1.1515354349989124,0.03826588422411081
tiroides,tiroides_719.png,3.0,2.0,1.9779730878044306,3.720878182938973,1.1925704006011626,-0.0416237988461603
clima,clima_01_red_eagle_logan_glaciers_1914.jpg,1.0,0.5,1.2118515378871622,1.5037788890444397,1.0060111394243476,-0.09136425157592676
clima,clima_01_red_eagle_logan_glaciers_1914.jpg,1.0,1.0,1.3813489031721444,2.015267494653955,1.0100538803096775,-0.20095304028763294
clima,clima_01_red_eagle_logan_glaciers_1914.jpg,1.0,1.5,1.5371810164182307,2.5255843825824105,1.0138407964323968,-0.2942159210476989
clima,clima_01_red_eagle_logan_glaciers_1914.jpg,1.0,2.0,1.6802949484471048,3.0239445749670413,1.0175529467667463,-0.3620728606804118
clima,clima_01_red_eagle_logan_glaciers_1914.jpg,1.5,0.5,1.2875355666942776,1.5575790428406788,1.008558338446674,-0.15168168321780762
clima,clima_01_red_eagle_logan_glaciers_1914.jpg,1.5,1.0,1.5162822378248624,2.1183448127607085,1.0148367670781446,-0.27508235639018075
clima,clima_01_red_eagle_logan_glaciers_1914.jpg,1.5,1.5,1.7288981942159,2.6745763139194882,1.0208523896540744,-0.37223648312459545
clima,clima_01_red_eagle_logan_glaciers_1914.jpg,1.5,2.0,1.9236342891038478,3.23029427629846,1.0265095738638181,-0.45204538790551485
clima,clima_01_red_eagle_logan_glaciers_1914.jpg,2.0,0.5,1.3270017986236893,1.5756796261119208,1.0108901514703772,-0.18710563835181482
clima,clima_01_red_eagle_logan_glaciers_1914.jpg,2.0,1.0,1.593734516986322,2.149311731972566,1.019303618206713,-0.3195618407738312
clima,clima_01_red_eagle_logan_glaciers_1914.jpg,2.0,1.5,1.8375162638214135,2.7248785653292322,1.0270404113550695,-0.4324167208181935
clima,clima_01_red_eagle_logan_glaciers_1914.jpg,2.0,2.0,2.0602432423109076,3.297544634415458,1.0339053673008831,-0.5277218017779042
clima,clima_01_red_eagle_logan_glaciers_1914.jpg,3.0,0.5,1.3600569204544346,1.5897183432203923,1.0152099809590576,-0.233680430750411
clima,clima_01_red_eagle_logan_glaciers_1914.jpg,3.0,1.0,1.669932830950126,2.167724154037748,1.0272430800929573,-0.3926761466880162
clima,clima_01_red_eagle_logan_glaciers_1914.jpg,3.0,1.5,1.9335702178592735,2.746238859227343,1.0373654897482842,-0.531216327085791
clima,clima_01_red_eagle_logan_glaciers_1914.jpg,3.0,2.0,2.1789218950377256,3.3089174615791386,1.0458429751661356,-0.65511015775511
clima,clima_02_lyell_glacier_1883_2015.jpg,1.0,0.5,1.1970240809059478,1.4908509179084757,1.0242613239597034,0.05368183464080012
clima,clima_02_lyell_glacier_1883_2015.jpg,1.0,1.0,1.3992051896420077,1.9771295065061552,1.051231827761405,0.08532843684500335
clima,clima_02_lyell_glacier_1883_2015.jpg,1.0,1.5,1.591315691887882,2.475049514014515,1.0777147068653576,0.09912671688705643
clima,clima_02_lyell_glacier_1883_2015.jpg,1.0,2.0,1.775662168390631,2.953452787536124,1.1027798499586912,0.08936846850696778
clima,clima_02_lyell_glacier_1883_2015.jpg,1.5,0.5,1.2883569522050975,1.5160146920745652,1.0381782562889732,0.06993309179914409
clima,clima_02_lyell_glacier_1883_2015.jpg,1.5,1.0,1.5693961873100584,2.0434711699385604,1.0776175073868608,0.08811102480010113
clima,clima_02_lyell_glacier_1883_2015.jpg,1.5,1.5,1.821445032381855,2.564184741028915,1.1139934237875537,0.0634140306151254
clima,clima_02_lyell_glacier_1883_2015.jpg,1.5,2.0,2.043871231678336,3.06262441009182,1.1471511100137868,-0.003517157437161522
clima,clima_02_lyell_glacier_1883_2015.jpg,2.0,0.5,1.3427928097131858,1.522619509656435,1.0494855129038476,0.07537312540211083
clima,clima_02_lyell_glacier_1883_2015.jpg,2.0,1.0,1.6596662494354382,2.0610023429004656,1.0978782838350603,0.06647722018985291
clima,clima_02_lyell_glacier_1883_2015.jpg,2.0,1.5,1.9398651175881745,2.5841803637169307,1.1409447085335103,-0.0015795726436111934
clima,clima_02_lyell_glacier_1883_2015.jpg,2.0,2.0,2.1749734609250284,3.0831073837714045,1.1784182580483347,-0.11801159096396585
clima,clima_02_lyell_glacier_1883_2015.jpg,3.0,0.5,1.392252156728214,1.5283150156802396,1.0677864344115224,0.06174563297935087
clima,clima_02_lyell_glacier_1883_2015.jpg,3.0,1.0,1.7361014557281231,2.068381075395545,1.1291669907210595,-0.007856835576433241
clima,clima_02_lyell_glacier_1883_2015.jpg,3.0,1.5,2.0257700070266464,2.5835933884895157,1.180622219297986,-0.1531954947018317
clima,clima_02_lyell_glacier_1883_2015.jpg,3.0,2.0,2.2608153295180204,3.0675021511526603,1.2229837907410803,-0.3494482914317141
clima,clima_03_terminal_moraine.jpg,1.0,0.5,1.2215405638665133,1.4981544164094254,1.010158905410918,0.0505247313561199
clima,clima_03_terminal_moraine.jpg,1.0,1.0,1.4468136345075913,1.9644303540993766,1.0219092855368717,0.09343814850872345
clima,clima_03_terminal_moraine.jpg,1.0,1.5,1.6700455968422485,2.4447719390248266,1.034568340092158,0.11810961768030825
clima,clima_03_terminal_moraine.jpg,1.0,2.0,1.885385500575374,2.9275568215677628,1.0474132249048953,0.12089992760538504
clima,clima_03_terminal_moraine.jpg,1.5,0.5,1.3248530630931612,1.5191191018199588,1.01655471515621,0.07197026272766482
clima,clima_03_terminal_moraine.jpg,1.5,1.0,1.6491341549426481,2.024455621372299,1.0352487445507275,0.11234340665565945
clima,clima_03_terminal_moraine.jpg,1.5,1.5,1.956762964475296,2.5403912851745467,1.0544645866908449,0.11390477200846227
clima,clima_03_terminal_moraine.jpg,1.5,2.0,2.2407012138535207,3.060282707412131,1.07333893312789,0.08511140241554038
clima,clima_03_terminal_moraine.jpg,2.0,0.5,1.3858649789029536,1.523965174070057,1.0219092105136292,0.08351130077233204
clima,clima_03_terminal_moraine.jpg,2.0,1.0,1.7637477263447048,2.0387602350333123,1.0459643221193935,0.11464052631564758
clima,clima_03_terminal_moraine.jpg,2.0,1.5,2.112478964821758,2.5677192710630132,1.0701143372351967,0.09292858794242864
clima,clima_03_terminal_moraine.jpg,2.0,2.0,2.4269411138745562,3.0995578227238596,1.0932043101527413,0.033496294420643835
clima,clima_03_terminal_moraine.jpg,3.0,0.5,1.4381305913359812,1.5273446718234152,1.0304432544700448,0.09311688813405006
clima,clima_03_terminal_moraine.jpg,3.0,1.0,1.8614179256839527,2.050160900087005,1.0625535872944902,0.10174113424070086
clima,clima_03_terminal_moraine.jpg,3.0,1.5,2.2452836346313276,2.5848730081165154,1.0935073671339166,0.03736819444231543
clima,clima_03_terminal_moraine.jpg,3.0,2.0,2.5836118947746143,3.1148594209980573,1.121763262651714,-0.06200244531519594
clima,clima_04_brevent_chamonix.jpg,1.0,0.5,1.206836965905182,1.5049533945418663,1.018193284938663,0.019108270373368264
clima,clima_04_brevent_chamonix.jpg,1.0,1.0,1.4192867000773197,1.9701549358708517,1.038950060077614,0.031171153130105544
clima,clima_04_brevent_chamonix.jpg,1.0,1.5,1.6283935008267458,2.4532863767716164,1.0609664401377346,0.03338610750833393
clima,clima_04_brevent_chamonix.jpg,1.0,2.0,1.8264752918385936,2.9386685018520318,1.0836825055437842,0.033850795067046136
clima,clima_04_brevent_chamonix.jpg,1.5,0.5,1.3081777684402125,1.5278140164958853,1.029753850753947,0.02807487302385603
clima,clima_04_brevent_chamonix.jpg,1.5,1.0,1.6114485081154917,2.0327225390551567,1.0625872480671177,0.031856795886071154
clima,clima_04_brevent_chamonix.jpg,1.5,1.5,1.8956131585219003,2.549306279149076,1.0964167172813855,0.0320749084936196
clima,clima_04_brevent_chamonix.jpg,1.5,2.0,2.1654564776545553,3.0624329872365186,1.1311274123449604,0.03444208751202282
clima,clima_04_brevent_chamonix.jpg,2.0,0.5,1.368954884273006,1.5353506202252667,1.0393218665529196,0.031491749804123614
clima,clima_04_brevent_chamonix.jpg,2.0,1.0,1.7185332346510032,2.048805602290644,1.0813891880423327,0.031039046008497273
clima,clima_04_brevent_chamonix.jpg,2.0,1.5,2.0427998270302603,2.572230666552046,1.124334726861498,0.02959434491947288
clima,clima_04_brevent_chamonix.jpg,2.0,2.0,2.3407606390093236,3.094603364737423,1.167996490737989,0.02722865697293919
clima,clima_04_brevent_chamonix.jpg,3.0,0.5,1.4250225592645875,1.538232818517864,1.0539875790516684,0.030878615307824653
clima,clima_04_brevent_chamonix.jpg,3.0,1.0,1.8120515784445586,2.0568329638086205,1.109195405209963,0.02287876790639931
clima,clima_04_brevent_chamonix.jpg,3.0,1.5,2.165606155120121,2.5834751130537787,1.164728722237498,0.017134122283375852
clima,clima_04_brevent_chamonix.jpg,3.0,2.0,2.4845587190506815,3.116632201835122,1.21938512637046,-0.00603169741184395
clima,clima_05_hurricane_michael.jpg,1.0,0.5,1.2072333586080153,1.488691212006386,1.0246316408498535,0.03742845042729659
clima,clima_05_hurricane_michael.jpg,1.0,1.0,1.4196419979624209,1.9595558896184435,1.053283072400098,0.07798463384505894
clima,clima_05_hurricane_michael.jpg,1.0,1.5,1.6336899451451923,2.4335120293699255,1.084849190272383,0.11731665134333191
clima,clima_05_hurricane_michael.jpg,1.0,2.0,1.8434690954950304,2.911686058189062,1.118096540000385,0.14870646623896366
clima,clima_05_hurricane_michael.jpg,1.5,0.5,1.3097519842043879,1.5133885365353676,1.0403954724190565,0.06032857911597045
clima,clima_05_hurricane_michael.jpg,1.5,1.0,1.6211639641198818,2.012816005201442,1.087318453199817,0.11913891809255617
clima,clima_05_hurricane_michael.jpg,1.5,1.5,1.923252920124203,2.5259639336319193,1.1371492144098196,0.15691773452986357
clima,clima_05_hurricane_michael.jpg,1.5,2.0,2.19942196873458,3.0513907438351935,1.186402899637357,0.1693868670314158
clima,clima_05_hurricane_michael.jpg,2.0,0.5,1.372728736462145,1.5167487674528877,1.053508509977221,0.07695625301785736
clima,clima_05_hurricane_michael.jpg,2.0,1.0,1.7385009063656969,2.0249967387455663,1.1148948081681544,0.14267862291974964
clima,clima_05_hurricane_michael.jpg,2.0,1.5,2.080036807880972,2.5592842219475176,1.177288381349041,0.1680837900614307
clima,clima_05_hurricane_michael.jpg,2.0,2.0,2.379548881211123,3.1041920060959574,1.2360438206965199,0.15607788112599685
clima,clima_05_hurricane_michael.jpg,3.0,0.5,1.431662248917078,1.5202117020020998,1.074043379737971,0.1003786390867516
clima,clima_05_hurricane_michael.jpg,3.0,1.0,1.847034504314783,2.037754351962861,1.1560116947227492,0.16348514934263125
clima,clima_05_hurricane_michael.jpg,3.0,1.5,2.20911973886454,2.588015148785675,1.233758815303728,0.15847470960649446
clima,clima_05_hurricane_michael.jpg,3.0,2.0,2.520491761612227,3.1457588162578194,1.3023828422033052,0.09348867509618142
clima,clima_06_lake_chad_1973_2007.jpg,1.0,0.5,1.2174555978486932,1.4865288336962472,1.0131921187495736,-0.010571272100248663
clima,clima_06_lake_chad_1973_2007.jpg,1.0,1.0,1.4472721988449,1.9620649677836488,1.027276803720722,-0.013413551248333988
clima,clima_06_lake_chad_1973_2007.jpg,1.0,1.5,1.6734860533693419,2.4426930441912718,1.0431348447676003,-0.024946285650385036
clima,clima_06_lake_chad_1973_2007.jpg,1.0,2.0,1.8938357351244797,2.9235601731086986,1.0600931244202008,-0.020408655710575374
clima,clima_06_lake_chad_1973_2007.jpg,1.5,0.5,1.3103725334340146,1.5069870218020842,1.018695150551286,-0.022843947021248923
clima,clima_06_lake_chad_1973_2007.jpg,1.5,1.0,1.623880470494581,2.0064816672735875,1.0393275590307074,-0.022464281462957203
clima,clima_06_lake_chad_1973_2007.jpg,1.5,1.5,1.9269832971539649,2.5095769637606304,1.062315739629303,-0.023491380286033703
clima,clima_06_lake_chad_1973_2007.jpg,1.5,2.0,2.2143317463381584,3.0123229710882713,1.0870362572889514,-0.02328523484579481
clima,clima_06_lake_chad_1973_2007.jpg,2.0,0.5,1.3557936212083466,1.5083135774393883,1.0228737068137577,-0.024498153007085577
clima,clima_06_lake_chad_1973_2007.jpg,2.0,1.0,1.715365262372854,2.011636778909871,1.048456873016939,-0.029523178710629594
clima,clima_06_lake_chad_1973_2007.jpg,2.0,1.5,2.0574775930775897,2.518660959133168,1.076792551016536,-0.027695507238814976
clima,clima_06_lake_chad_1973_2007.jpg,2.0,2.0,2.3753969247311124,3.026808562291139,1.1069513097490664,-0.03336038031680033
clima,clima_06_lake_chad_1973_2007.jpg,3.0,0.5,1.3958781890711724,1.5089118280209177,1.0295341636389552,-0.02989813396361196
clima,clima_06_lake_chad_1973_2007.jpg,3.0,1.0,1.7908161952380903,2.0152646794343,1.0627307596202613,-0.03219134688035474
clima,clima_06_lake_chad_1973_2007.jpg,3.0,1.5,2.1599144282981273,2.5209115208446358,1.0990584201305416,-0.034689232213485965
clima,clima_06_lake_chad_1973_2007.jpg,3.0,2.0,2.4972258589257184,3.0290777032132126,1.1366351305856772,-0.055190037437521156
clima,clima_07_pasterze_glacier.jpg,1.0,0.5,1.1976897614683166,1.5035727528370475,1.013003417182783,0.03978470945246926
clima,clima_07_pasterze_glacier.jpg,1.0,1.0,1.4094923921586415,1.9615660387916811,1.028327531263733,0.0800498752872123
clima,clima_07_pasterze_glacier.jpg,1.0,1.5,1.6242461936750352,2.4314268366219323,1.0455869402602929,0.1220973253244928
clima,clima_07_pasterze_glacier.jpg,1.0,2.0,1.8325194766867912,2.9166450064875944,1.0640125761963293,0.16109723430852618
clima,clima_07_pasterze_glacier.jpg,1.5,0.5,1.2995525229819198,1.5267183756591536,1.022047536676751,0.06165783562513827
clima,clima_07_pasterze_glacier.jpg,1.5,1.0,1.6103564565079453,2.013615841339755,1.0482969072996569,0.125968015231412
clima,clima_07_pasterze_glacier.jpg,1.5,1.5,1.9157512498875906,2.5291826677426155,1.0767544325178555,0.1762863772292107
clima,clima_07_pasterze_glacier.jpg,1.5,2.0,2.1979815053741523,3.052968682257463,1.1059976208240883,0.20955610076796471
clima,clima_07_pasterze_glacier.jpg,2.0,0.5,1.360948646397989,1.5286298755668475,1.0300975232972385,0.08013674046135488
clima,clima_07_pasterze_glacier.jpg,2.0,1.0,1.7249749936358203,2.0289109784944492,1.0655692589267947,0.15959075152868518
clima,clima_07_pasterze_glacier.jpg,2.0,1.5,2.0717836418581954,2.5601902818403324,1.1029001716609859,0.2075192840451887
clima,clima_07_pasterze_glacier.jpg,2.0,2.0,2.3895473720692206,3.102874257822898,1.1401830845620564,0.22869704353774534
clima,clima_07_pasterze_glacier.jpg,3.0,0.5,1.424407575064128,1.5280796983020337,1.0436942256523982,0.11031195296008978
clima,clima_07_pasterze_glacier.jpg,3.0,1.0,1.8373415405355729,2.0411273194913897,1.0937934437493335,0.20207904122250042
clima,clima_07_pasterze_glacier.jpg,3.0,1.5,2.2122364068691374,2.585991608227765,1.144413186118303,0.236001127396964
clima,clima_07_pasterze_glacier.jpg,3.0,2.0,2.539576944781742,3.1425733129509736,1.19219385531396,0.21632283907988548
clima,clima_08_san_martinho_madeira.jpg,1.0,0.5,1.2111354216375692,1.5042783891882758,1.048044990730191,0.05444752442433742
clima,clima_08_san_martinho_madeira.jpg,1.0,1.0,1.426215837171781,1.9695133178853999,1.101165811690256,0.0949241653702595
clima,clima_08_san_martinho_madeira.jpg,1.0,1.5,1.6301749371763687,2.4578482987897035,1.1534100957008169,0.1171510827243818
clima,clima_08_san_martinho_madeira.jpg,1.0,2.0,1.8140577012703643,2.938941429032535,1.203332490382477,0.13649103068583024
clima,clima_08_san_martinho_madeira.jpg,1.5,0.5,1.3136482382585946,1.5275441612804692,1.0771387390988212,0.08132722859513919
clima,clima_08_san_martinho_madeira.jpg,1.5,1.0,1.6156502551319007,2.0403952148473463,1.1565513031727723,0.12596586098262108
clima,clima_08_san_martinho_madeira.jpg,1.5,1.5,1.8821807699876905,2.5586767537965738,1.231251745903777,0.15450582206154273
clima,clima_08_san_martinho_madeira.jpg,1.5,2.0,2.1204140678628134,3.063494544963523,1.3021771147154408,0.17621587704705988
clima,clima_08_san_martinho_madeira.jpg,2.0,0.5,1.376183530325774,1.5353225255566056,1.1001108649693803,0.0993327894303846
clima,clima_08_san_martinho_madeira.jpg,2.0,1.0,1.7175578811339596,2.060503282986742,1.1982519610934617,0.14844483262559738
clima,clima_08_san_martinho_madeira.jpg,2.0,1.5,2.0155357984292914,2.5826378995239256,1.2892017923837373,0.17886696213766484
clima,clima_08_san_martinho_madeira.jpg,2.0,2.0,2.277155651254136,3.095058947898968,1.3736562651345972,0.18451309911722902
clima,clima_08_san_martinho_madeira.jpg,3.0,0.5,1.4316117450284545,1.5432279778491362,1.1331235129598671,0.12439404660014386
clima,clima_08_san_martinho_madeira.jpg,3.0,1.0,1.8054203898859635,2.069907796199924,1.2566921195418774,0.17668559919071214
clima,clima_08_san_martinho_madeira.jpg,3.0,1.5,2.124390146647784,2.5888720721917697,1.3675713140515895,0.19132891399058494
clima,clima_08_san_martinho_madeira.jpg,3.0,2.0,2.3947360635726698,3.1110207695034977,1.4654854832564568,0.15941399689674363
clima,clima_09_larsen_b_collapse.jpg,1.0,0.5,1.2117519251805782,1.4877505081189764,1.0221779432520897,-0.06922494705407711
clima,clima_09_larsen_b_collapse.jpg,1.0,1.0,1.4150542086762674,1.9976617949753737,1.0434996665610807,-0.18661256175627372
clima,clima_09_larsen_b_collapse.jpg,1.0,1.5,1.5929237783347954,2.5180249757895905,1.061837396416584,-0.3109721308224689
clima,clima_09_larsen_b_collapse.jpg,1.0,2.0,1.7417437771023385,3.014156597697843,1.0778425892396515,-0.4220010949982793
clima,clima_09_larsen_b_collapse.jpg,1.5,0.5,1.305276431000052,1.5353620023118855,1.0325911445642595,-0.1431574740891186
clima,clima_09_larsen_b_collapse.jpg,1.5,1.0,1.5679056666277429,2.109775318471749,1.0604702042516425,-0.33080821191725374
clima,clima_09_larsen_b_collapse.jpg,1.5,1.5,1.7804921280819703,2.6695324365435833,1.0832606143681967,-0.4912448892399688
clima,clima_09_larsen_b_collapse.jpg,1.5,2.0,1.943600399413509,3.192191523196051,1.1023460109166274,-0.6344847705985597
clima,clima_09_larsen_b_collapse.jpg,2.0,0.5,1.3549633313627736,1.5532030941384842,1.0398578301588175,-0.20725472233424647
clima,clima_09_larsen_b_collapse.jpg,2.0,1.0,1.6428710332962149,2.144254795259013,1.0717425970463277,-0.43107833934539386
clima,clima_09_larsen_b_collapse.jpg,2.0,1.5,1.8646252063013125,2.710603536540974,1.0971734891008231,-0.6181420073038737
clima,clima_09_larsen_b_collapse.jpg,2.0,2.0,2.035266850895348,3.2362207462939447,1.118177843169095,-0.7792690231494861
clima,clima_09_larsen_b_collapse.jpg,3.0,0.5,1.3977571571045004,1.5661635648438301,1.049719109921542,-0.3119736366381636
clima,clima_09_larsen_b_collapse.jpg,3.0,1.0,1.7014107517308668,2.1606344501963504,1.086726889662083,-0.5759610006998805
clima,clima_09_larsen_b_collapse.jpg,3.0,1.5,1.9325398230944584,2.7190144947561934,1.1156496570969268,-0.7929715533687336
clima,clima_09_larsen_b_collapse.jpg,3.0,2.0,2.103094784384422,3.2322775221418616,1.1392832241702988,-0.9837077570638337
clima,clima_10_marine_debris.jpg,1.0,0.5,1.2023700385370777,1.496750565814818,1.0231578620545558,0.02369971340691901
clima,clima_10_marine_debris.jpg,1.0,1.0,1.4121485122837967,1.9537158211790178,1.050130394436153,0.06081568938018478
clima,clima_10_marine_debris.jpg,1.0,1.5,1.6209673789336148,2.432248081739882,1.0792816441351618,0.08898574101080303
clima,clima_10_marine_debris.jpg,1.0,2.0,1.8202758630372768,2.922097448991581,1.1084064369240285,0.09246455600731185
clima,clima_10_marine_debris.jpg,1.5,0.5,1.3061227165583895,1.5230211472528503,1.0387622479405334,0.04647854383223393
clima,clima_10_marine_debris.jpg,1.5,1.0,1.6124111318139847,2.0322516472038252,1.0831650845211342,0.09096047664373064
clima,clima_10_marine_debris.jpg,1.5,1.5,1.8960902953628316,2.581445325636253,1.127017648263311,0.07957976810267109
clima,clima_10_marine_debris.jpg,1.5,2.0,2.1504219999966963,3.1443587472580368,1.1676676685777072,0.027386274470697636
clima,clima_10_marine_debris.jpg,2.0,0.5,1.3699853689598953,1.5275995270898277,1.0520467448504607,0.0654970816546383
clima,clima_10_marine_debris.jpg,2.0,1.0,1.7267833928816252,2.0676660229923804,1.1090614049380667,0.08859743822565669
clima,clima_10_marine_debris.jpg,2.0,1.5,2.04321442670935,2.6507251262295783,1.1619210935815858,0.033081336955913976
clima,clima_10_marine_debris.jpg,2.0,2.0,2.313617769342458,3.2459655559976364,1.208225300362831,-0.07384894830078803
clima,clima_10_marine_debris.jpg,3.0,0.5,1.4326092558363108,1.5340319481776024,1.0724502679502539,0.08573556878191724
clima,clima_10_marine_debris.jpg,3.0,1.0,1.8252887390132988,2.1052573576184646,1.1455184424393903,0.05128896509904646
clima,clima_10_marine_debris.jpg,3.0,1.5,2.1584917846482687,2.7122581460721955,1.2080418237969934,-0.08175096911065172
clima,clima_10_marine_debris.jpg,3.0,2.0,2.4244767018340214,3.32405934552668,1.2592886106776289,-0.25865859624998144
