dominio,imagen,radio,componentes,area
tiroides,tiroides_703.png,2,2,81.21159585674157
tiroides,tiroides_703.png,3,2,81.28730688202246
tiroides,tiroides_703.png,5,2,81.24341643258427
tiroides,tiroides_703.png,7,2,81.35862886235955
tiroides,tiroides_703.png,9,2,81.07224367977528
tiroides,tiroides_705.png,2,24,60.26975516786395
tiroides,tiroides_705.png,3,18,62.477398230953426
tiroides,tiroides_705.png,5,10,61.0192786981381
tiroides,tiroides_705.png,7,5,58.88310609392562
tiroides,tiroides_705.png,9,5,57.02731759761521
tiroides,tiroides_706.png,2,18,76.52709896335959
tiroides,tiroides_706.png,3,12,78.24736170345236
tiroides,tiroides_706.png,5,5,76.38016374560283
tiroides,tiroides_706.png,7,3,73.8243626062323
tiroides,tiroides_706.png,9,2,71.51573638825764
tiroides,tiroides_707.png,2,6,87.13367128227809
tiroides,tiroides_707.png,3,5,88.95927601809954
tiroides,tiroides_707.png,5,4,89.02187595686047
tiroides,tiroides_707.png,7,3,88.21896369883986
tiroides,tiroides_707.png,9,3,87.9059640050352
tiroides,tiroides_708.png,2,21,62.09535256410257
tiroides,tiroides_708.png,3,14,60.862379807692314
tiroides,tiroides_708.png,5,6,57.37980769230769
tiroides,tiroides_708.png,7,4,53.96334134615385
tiroides,tiroides_708.png,9,4,51.61858974358975
tiroides,tiroides_709.png,2,1,85.44233544233543
tiroides,tiroides_709.png,3,1,87.18781218781218
tiroides,tiroides_709.png,5,1,87.81995781995782
tiroides,tiroides_709.png,7,1,87.8954378954379
tiroides,tiroides_709.png,9,1,87.72116772116773
tiroides,tiroides_710.png,2,9,71.63178850135372
tiroides,tiroides_710.png,3,8,74.09778627169932
tiroides,tiroides_710.png,5,3,72.81860168816691
tiroides,tiroides_710.png,7,3,71.66873706004141
tiroides,tiroides_710.png,9,1,70.50931677018633
tiroides,tiroides_712.png,2,14,61.14450785928144
tiroides,tiroides_712.png,3,10,60.48021145209581
tiroides,tiroides_712.png,5,5,59.62761976047904
tiroides,tiroides_712.png,7,4,56.66986339820359
tiroides,tiroides_712.png,9,5,53.660647455089816
tiroides,tiroides_715.png,2,10,11.549013047842088
tiroides,tiroides_715.png,3,7,11.413644903106261
tiroides,tiroides_715.png,5,4,11.028643487659881
tiroides,tiroides_715.png,7,4,10.83048099441542
tiroides,tiroides_715.png,9,4,10.608127235761897
tiroides,tiroides_719.png,2,3,77.56231150552917
tiroides,tiroides_719.png,3,2,78.42548618573855
tiroides,tiroides_719.png,5,4,76.67903074843137
tiroides,tiroides_719.png,7,5,74.29888723264118
tiroides,tiroides_719.png,9,2,72.85748951364094
clima,clima_01_red_eagle_logan_glaciers_1914.jpg,2,13,46.90397135416667
clima,clima_01_red_eagle_logan_glaciers_1914.jpg,3,14,46.697916666666664
clima,clima_01_red_eagle_logan_glaciers_1914.jpg,5,11,45.603841145833336
clima,clima_01_red_eagle_logan_glaciers_1914.jpg,7,5,44.90559895833333
clima,clima_01_red_eagle_logan_glaciers_1914.jpg,9,1,44.34765625
clima,clima_02_lyell_glacier_1883_2015.jpg,2,39,39.806113138686136
clima,clima_02_lyell_glacier_1883_2015.jpg,3,8,38.61998175182482
clima,clima_02_lyell_glacier_1883_2015.jpg,5,3,37.580976277372265
clima,clima_02_lyell_glacier_1883_2015.jpg,7,2,36.0926094890511
clima,clima_02_lyell_glacier_1883_2015.jpg,9,2,34.8665602189781
clima,clima_03_terminal_moraine.jpg,2,14,29.531038080333854
clima,clima_03_terminal_moraine.jpg,3,5,29.10641627543036
clima,clima_03_terminal_moraine.jpg,5,2,28.52738654147105
clima,clima_03_terminal_moraine.jpg,7,2,28.335419926969223
clima,clima_03_terminal_moraine.jpg,9,3,28.11580594679186
clima,clima_04_brevent_chamonix.jpg,2,47,39.503439695550355
clima,clima_04_brevent_chamonix.jpg,3,14,38.261855971896956
clima,clima_04_brevent_chamonix.jpg,5,9,36.559938524590166
clima,clima_04_brevent_chamonix.jpg,7,8,34.699209601873534
clima,clima_04_brevent_chamonix.jpg,9,6,32.21640807962529
clima,clima_05_hurricane_michael.jpg,2,61,53.48328888301116
clima,clima_05_hurricane_michael.jpg,3,26,51.98850904068123
clima,clima_05_hurricane_michael.jpg,5,12,49.18152629916169
clima,clima_05_hurricane_michael.jpg,7,7,47.26061113682618
clima,clima_05_hurricane_michael.jpg,9,4,43.665645411330786
clima,clima_06_lake_chad_1973_2007.jpg,2,11,57.21400788316807
clima,clima_06_lake_chad_1973_2007.jpg,3,6,56.13997493490217
clima,clima_06_lake_chad_1973_2007.jpg,5,7,53.60684160286755
clima,clima_06_lake_chad_1973_2007.jpg,7,4,52.22371573841389
clima,clima_06_lake_chad_1973_2007.jpg,9,4,55.388022000142854
clima,clima_07_pasterze_glacier.jpg,2,15,60.82095588235295
clima,clima_07_pasterze_glacier.jpg,3,4,60.425
clima,clima_07_pasterze_glacier.jpg,5,5,59.52499999999999
clima,clima_07_pasterze_glacier.jpg,7,3,58.97426470588235
clima,clima_07_pasterze_glacier.jpg,9,4,57.20808823529412
clima,clima_08_san_martinho_madeira.jpg,2,199,24.779296875
clima,clima_08_san_martinho_madeira.jpg,3,98,19.791341145833332
clima,clima_08_san_martinho_madeira.jpg,5,39,13.528645833333334
clima,clima_08_san_martinho_madeira.jpg,7,17,10.590169270833332
clima,clima_08_san_martinho_madeira.jpg,9,5,8.516927083333334
clima,clima_09_larsen_b_collapse.jpg,2,19,63.372272296015176
clima,clima_09_larsen_b_collapse.jpg,3,12,62.50118595825427
clima,clima_09_larsen_b_collapse.jpg,5,6,58.16828747628083
clima,clima_09_larsen_b_collapse.jpg,7,6,55.31576138519924
clima,clima_09_larsen_b_collapse.jpg,9,4,50.81979364326376
clima,clima_10_marine_debris.jpg,2,122,55.1259765625
clima,clima_10_marine_debris.jpg,3,62,52.60904947916667
clima,clima_10_marine_debris.jpg,5,22,49.192708333333336
clima,clima_10_marine_debris.jpg,7,11,47.03125
clima,clima_10_marine_debris.jpg,9,7,45.79134114583333
